<?xml version="1.0"?>
<config xmlns:xsi="http://www.w3.org/2001/XMLSchema-instance" xsi:noNamespaceSchemaLocation="urn:magento:framework:Acl/etc/acl.xsd">
    <acl>
        <resources>
            <resource id="Magento_Backend::admin">
                <resource id="Absolute_AdvancedSlider::acl" title="Absolute Slider">
                    <resource id="Absolute_AdvancedSlider::sliders" title="Sliders" />
                    <resource id="Absolute_AdvancedSlider::slides" title="Slides" />
                    <resource id="Absolute_AdvancedSlider::settings" title="Settings" />
                </resource>
            </resource>
        </resources>
    </acl>
</config>
